Title,Date
"Pokémon The Series: Indigo League: Season 1: The March of the Exeggutor Squad","2021-01-18"
"Pokémon The Series: Indigo League: Season 1: Showdown at Dark City","2021-01-18"
"Pokémon The Series: Indigo League: Season 1: Wake Up Snorlax!","2021-01-18"
"Pokémon The Series: Indigo League: Season 1: The Battling Eevee Brothers","2021-01-18"
"Pokémon The Series: Indigo League: Season 1: Pikachu's Goodbye","2021-01-18"
"Pokémon The Series: Indigo League: Season 1: Ditto's Mysterious Mansion","2021-01-18"
"Pokémon The Series: Indigo League: Season 1: The Bridge Bike Gang","2021-01-18"
"Pokémon The Series: Indigo League: Season 1: Episode 54","2021-01-18"
"Pokémon The Series: Indigo League: Season 1: Episode 53","2021-01-18"
"Pokémon The Series: Indigo League: Season 1: The Kangaskhan Kid","2021-01-17"
"Pokémon The Series: Indigo League: Season 1: The Flame Pokémon-Athon!","2021-01-17"
"Pokémon The Series: Indigo League: Season 1: The Ninja Poké-Showdown","2021-01-17"
"Pokémon The Series: Indigo League: Season 1: Dig Those Diglett!","2021-01-17"
"Pokémon Journeys: The Series: Dreams Are Made of These!","2021-01-17"
"Pokémon Journeys: The Series: A Talent for Imitation!","2021-01-17"
"Attack on Titan: Final Season: Declaration of War","2021-01-17"
"Pokémon Journeys: The Series: Destination: Coronation!","2021-01-17"
"Pokémon Journeys: The Series: Kicking It from Here Into Tomorrow!","2021-01-17"
"Pokémon Journeys: The Series: A Chilling Curse!","2021-01-16"
"Pokémon Journeys: The Series: A Snow Day for Searching!","2021-01-16"
"Pokémon Journeys: The Series: Raid Battle in The Ruins!","2021-01-16"
"Great Pretender: Season 1: Case 1_1: Los Angeles Connection","2021-01-16"
"Puella Magi Madoka Magica: Season 1: I First Met Her in a Dream... or Something","2021-01-10"
"Rent-a-Person Who Does Nothing: Season 1: Episode 1","2021-01-09"
"Puella Magi Madoka Magica: Season 1: My Very Best Friend","2021-01-09"
"Puella Magi Madoka Magica: Season 1: The Only Thing I Have Left to Guide Me","2021-01-09"
"Puella Magi Madoka Magica: Season 1: I Won't Rely on Anyone Anymore","2021-01-08"
"Puella Magi Madoka Magica: Season 1: I'd Never Allow That to Happen","2021-01-08"
"Puella Magi Madoka Magica: Season 1: I Was Stupid... So Stupid","2021-01-08"
"Puella Magi Madoka Magica: Season 1: Can You Face Your True Feelings?","2021-01-08"
"Puella Magi Madoka Magica: Season 1: This Just Can't Be Right","2021-01-07"
"Puella Magi Madoka Magica: Season 1: There's No Way I'll Ever Regret It","2021-01-06"
"Puella Magi Madoka Magica: Season 1: Miracles and Magic Are Real","2021-01-06"
"BEASTARS: Season 2: A Teen's Never-Ending Alarm","2021-01-06"
"Puella Magi Madoka Magica: Season 1: I'm Not Afraid of Anything Anymore","2021-01-05"
"Puella Magi Madoka Magica: Season 1: That Would Be Truly Wonderful","2021-01-05"
"Attack on Titan: Final Season: From One Hand to Another","2021-01-03"
"Attack on Titan: Final Season: The Door of Hope","2021-01-03"
"Attack on Titan: Final Season: Midnight Train","2021-01-03"
"Attack on Titan: Final Season: The Other Side of the Ocean","2021-01-03"
"Attack on Titan: Season 3 Part 2: The Other Side of the Wall","2021-01-03"
"Attack on Titan: Season 3 Part 2: Attack Titan","2021-01-03"
"Attack on Titan: Season 3 Part 2: That Day","2021-01-03"
"Attack on Titan: Season 3 Part 2: The Basement","2021-01-02"
"Attack on Titan: Season 3 Part 2: Midnight Sun","2021-01-02"
"Attack on Titan: Season 3 Part 2: Hero","2021-01-02"
"Attack on Titan: Season 3 Part 2: Perfect Game","2021-01-02"
"Attack on Titan: Season 3 Part 2: Descent","2021-01-02"
"Attack on Titan: Season 3 Part 2: Thunder Spears","2021-01-02"
"Attack on Titan: Season 3 Part 2: The Town Where Everything Began","2021-01-02"
"Attack on Titan: Season 3 Part 1: Night of the Battle to Retake the Wall","2021-01-02"
"Attack on Titan: Season 3 Part 1: Bystander","2021-01-02"
"Attack on Titan: Season 3 Part 1: Friends","2021-01-02"
"Attack on Titan: Season 3 Part 1: Ruler of the Walls","2021-01-02"
"Attack on Titan: Season 3 Part 1: Sin","2021-01-02"
"Attack on Titan: Season 3 Part 1: Old Story","2020-12-31"
"Attack on Titan: Season 3 Part 1: Pain","2020-12-31"
"Attack on Titan: Season 3 Part 1: Smoke Signal","2020-12-30"
"Attack on Titan: Season 2: Scream","2020-12-30"
"Attack on Titan: Season 2: Charge","2020-12-30"
"Attack on Titan: Season 2: Children","2020-12-30"
"Attack on Titan: Season 2: Opening","2020-12-30"
"Attack on Titan: Season 2: The Hunters","2020-12-30"
"Attack on Titan: Season 2: Close Combat","2020-12-30"
"Attack on Titan: Season 2: Warrior","2020-12-30"
"Attack on Titan: Season 2: Historia","2020-12-29"
"Attack on Titan: Season 2: Soldier","2020-12-29"
"Attack on Titan: Season 2: Southwestward","2020-12-29"
"Attack on Titan: Season 2: I'm Home","2020-12-29"
"Attack on Titan: Season 2: Beast Titan","2020-12-29"
"BoJack Horseman: Season 3: That Went Well","2020-12-28"
"KonoSuba: God's Blessing on This Wonderful World: KonoSuba: God's Blessing on This Wonderful World!: Explosion Magic for This Formidable Enemy!","2020-12-28"
"KonoSuba: God's Blessing on This Wonderful World: KonoSuba: God's Blessing on This Wonderful World!: A Panty Treasure in This Right Hand!","2020-12-28"
"KonoSuba: God's Blessing on This Wonderful World: KonoSuba: God's Blessing on This Wonderful World!: An Explosion for This Chuunibyo!","2020-12-28"
"KonoSuba: God's Blessing on This Wonderful World: KonoSuba: God's Blessing on This Wonderful World!: This Self Proclaimed Goddess and Reincarnation in Another World!","2020-12-28"
"Pipuru-Started marrying with AI: Season 1: Episode 1","2020-12-28"
"Pipuru-Started marrying with AI: Season 1: Episode 2","2020-12-28"
"Pokémon The Series: Indigo League: Season 1: Sparks Fly for Magnemite","2020-12-27"
"Pokémon The Series: Indigo League: Season 1: The Punchy Pokémon","2020-12-27"
"Tokyo Ghoul: Incubation","2020-12-27"
"I'm Thinking of Ending Things","2020-12-26"
"Tokyo Ghoul: Tragedy","2020-12-22"
"Sweet Home: Season 1: Episode 1","2020-12-22"
"It's Okay to Not Be Okay: Season 1: The Boy Who Fed On Nightmares","2020-12-19"
"Pokémon Journeys: The Series: The Climb to Be the Very Best!","2020-12-18"
"Pokémon The Series: Indigo League: Season 1: Pokémon Fashion Flash","2020-12-17"
"Pokémon The Series: Indigo League: Season 1: Hypno's Naptime","2020-12-17"
"Pokémon Journeys: The Series: Flash of the Titans!","2020-12-17"
"Pokémon Journeys: The Series: Best Friend… Worst Nightmare!","2020-12-17"
"Pokémon Journeys: The Series: A Test in Paradise!","2020-12-17"
"Pokémon Journeys: The Series: あの日の誓い! ジョウト地方のホウオウ伝説!!","2020-12-17"
"Pokémon Journeys: The Series: 負けるなポッチャマ! シンオウ地方の流氷レース!!","2020-12-17"
"Pokémon Journeys: The Series: 激闘のホウエン地方! 挑戦バトルフロンティア!!","2020-12-17"
"Pokémon Journeys: The Series: ポケモン大量ゲットだぜ! ミュウへの道!!","2020-12-17"
"Pokémon Journeys: The Series: カビゴン巨大化!? ダイマックスの謎!!","2020-12-17"
"Pokémon Journeys: The Series: Settling the Scorbunny!","2020-12-17"
"Pokémon Journeys: The Series: Ivysaur’s Mysterious Tower!","2020-12-17"
"The House Where the Mermaid Sleeps","2020-12-17"
"Pokémon Journeys: The Series: Legend? Go! Friends? Go!","2020-12-16"
"Pokémon Journeys: The Series: Enter Pikachu!","2020-12-16"
"Coffee & Vanilla: Season 1: Episode 10","2020-12-16"
"Coffee & Vanilla: Season 1: Episode 9","2020-12-16"
"Coffee & Vanilla: Season 1: Episode 7","2020-12-16"
"Coffee & Vanilla: Season 1: Episode 8","2020-12-16"
"Coffee & Vanilla: Season 1: Episode 6","2020-12-16"
"Coffee & Vanilla: Season 1: Episode 5","2020-12-14"
"Coffee & Vanilla: Season 1: Episode 4","2020-12-14"
"Coffee & Vanilla: Season 1: Episode 3","2020-12-14"
"Coffee & Vanilla: Season 1: Episode 2","2020-12-14"
"Coffee & Vanilla: Season 1: Episode 1","2020-12-13"
"Alice in Borderland: Season 1: Episode 2","2020-12-13"
"Alice in Borderland: Season 1: Episode 1","2020-12-13"
"Non Non Biyori: A New Transfer Student Came","2020-12-13"
"Life As A Girl: Episode 1","2020-12-13"
"My Little Monster: Season 1: Weird","2020-12-13"
"My Little Monster: Season 1: Sitting Next to Yoshida-kun","2020-12-13"
"Hey Sensei, Don't you know?: Season 1: Episode 1","2020-12-11"
"Fujoshi, Ukkari Gei ni Kokuru: Season 1: Episode 8","2020-12-11"
"Fujoshi, Ukkari Gei ni Kokuru: Season 1: Episode 1","2020-12-11"
"Fujoshi, Ukkari Gei ni Kokuru: Season 1: Episode 7","2020-12-11"
"Fujoshi, Ukkari Gei ni Kokuru: Season 1: Episode 6","2020-12-11"
"Fujoshi, Ukkari Gei ni Kokuru: Season 1: Episode 5","2020-12-09"
"Fujoshi, Ukkari Gei ni Kokuru: Season 1: Episode 4","2020-12-08"
"Fujoshi, Ukkari Gei ni Kokuru: Season 1: Episode 3","2020-12-08"
"Fujoshi, Ukkari Gei ni Kokuru: Season 1: Episode 2","2020-12-08"
"Hot Gimmick: Girl Meets Boy","2020-12-08"
"My Teacher, My Love","2020-12-08"
"Love Alarm: Season 1: The Flash of Lightning Before It Thunders","2020-12-07"
"Godzilla","2020-12-07"
"Good Doctor: Season 1: Episode 10","2020-12-07"
"Mischievous Kiss the Movie Part 3: Propose Ver","2020-12-07"
"Mischievous Kiss: The Movie Part 2 Campus Ver","2020-12-06"
"Mischievous Kiss: The Movie Part 1 High School Ver","2020-12-06"
"Encyclopedia of Pitiful Creatures: Season 1: Episode 1","2020-12-04"
"Good Morning Call: Season 1: Christmas is Coming","2020-12-02"
"Good Morning Call: Season 1: Rumor Has It","2020-12-01"
"Good Morning Call: Season 1: A Kiss to Remember","2020-12-01"
"The Circle USA: Season 1: Finale","2020-11-30"
"The Circle USA: Season 1: The Last Rating","2020-11-30"
"The Circle USA: Season 1: Declare Your Rival","2020-11-30"
"The Circle USA: Season 1: Instant Block","2020-11-30"
"The Circle USA: Season 1: The Player I'm Saving Is ...","2020-11-30"
"The Circle USA: Season 1: Picking Teams","2020-11-30"
"The Circle USA: Season 1: Anonymous Trolling","2020-11-30"
"The Circle USA: Season 1: Sliding into DMs","2020-11-30"
"The Circle USA: Season 1: Planting Doubt","2020-11-30"
"The Circle USA: Season 1: There's a Catfish Among Us","2020-11-30"
"The Circle USA: Season 1: Face-to-Face","2020-11-30"
"The Circle USA: Season 1: Hello, Circle","2020-11-30"
"Love Is Blind: Season 1: First Night Together","2020-11-28"
"Love Is Blind: Season 1: Will You Marry Me?","2020-11-28"
"Love Is Blind: Season 1: Is Love Blind?","2020-11-28"
"Good Morning Call: Season 1: Alone at Last","2020-11-28"
"Kill la Kill: Season 1: If Only I Had Thorns Like a Thistle…","2020-11-27"
"Banana Fish: Season 1: Episode 1","2020-11-23"
"When I Get Home, My Wife Always Pretends to be Dead","2020-11-23"
"My Dangerous Wife: Season 1: Episode 10","2020-11-23"
"My Dangerous Wife: Season 1: Episode 9","2020-11-23"
"My Dangerous Wife: Season 1: Episode 8","2020-11-23"
"My Dangerous Wife: Season 1: Episode 7","2020-11-23"
"My Dangerous Wife: Season 1: Episode 6","2020-11-23"
"My Dangerous Wife: Season 1: Episode 5","2020-11-22"
"My Dangerous Wife: Season 1: Episode 4","2020-11-22"
"My Dangerous Wife: Season 1: Episode 3","2020-11-22"
"My Dangerous Wife: Season 1: Episode 2","2020-11-22"
"My Dangerous Wife: Season 1: Episode 1","2020-11-21"
"Psycho-Pass: Crime Coefficient","2020-11-21"
"My SO Has Depression","2020-11-20"
"Sachiiro no One Room: Season 1: Episode 2","2020-11-19"
"Sachiiro no One Room: Season 1: Episode 1","2020-11-19"
"Jujutsu Kaisen: Season 1: Episode 1","2020-11-19"
"Fugitive Boys: Season 1: Episode 1","2020-11-19"
"JoJo's Bizarre Adventure: Diamond Is Unbreakable - Chapter 1","2020-11-19"
"Japanese Style Originator: Season 1: Episode 2","2020-11-19"
"The Night Is Short, Walk On Girl","2020-11-19"
"Fireworks","2020-11-19"
"Demon Slayer: Kimetsu no Yaiba: New Mission","2020-11-18"
"Demon Slayer: Kimetsu no Yaiba: Tsuguko, Kanao Tsuyuri","2020-11-18"
"Demon Slayer: Kimetsu no Yaiba: Rehabilitation Training","2020-11-18"
"Demon Slayer: Kimetsu no Yaiba: Hashira Meeting","2020-11-18"
"Demon Slayer: Kimetsu no Yaiba: Master of the Mansion","2020-11-18"
"Demon Slayer: Kimetsu no Yaiba: Against Corps Rules","2020-11-18"
"Demon Slayer: Kimetsu no Yaiba: Pretend Family","2020-11-18"
"Demon Slayer: Kimetsu no Yaiba: Hinokami","2020-11-18"
"Demon Slayer: Kimetsu no Yaiba: A Forged Bond","2020-11-17"
"Demon Slayer: Kimetsu no Yaiba: You Must Master a Single Thing","2020-11-17"
"Demon Slayer: Kimetsu no Yaiba: Letting Someone Else Go First","2020-11-17"
"Demon Slayer: Kimetsu no Yaiba: Mount Natagumo","2020-11-17"
"Demon Slayer: Kimetsu no Yaiba: The House with the Wisteria Family Crest","2020-11-17"
"Demon Slayer: Kimetsu no Yaiba: Something More Important Than Life","2020-11-17"
"Demon Slayer: Kimetsu no Yaiba: The Boar Bares Its Fangs, Zenitsu Sleeps","2020-11-17"
"Demon Slayer: Kimetsu no Yaiba: Tsuzumi Mansion","2020-11-17"
"Demon Slayer: Kimetsu no Yaiba: Together Forever","2020-11-17"
"Demon Slayer: Kimetsu no Yaiba: Temari Demon and Arrow Demon","2020-11-17"
"Demon Slayer: Kimetsu no Yaiba: The Smell of Enchanting Blood","2020-11-17"
"In This Corner of the World","2020-11-17"
"Demon Slayer: Kimetsu no Yaiba: Muzan Kibutsuji","2020-11-17"
"Demon Slayer: Kimetsu no Yaiba: Swordsman Accompanying a Demon","2020-11-17"
"Demon Slayer: Kimetsu no Yaiba: My Own Steel","2020-11-17"
"Demon Slayer: Kimetsu no Yaiba: Final Selection","2020-11-16"
"Demon Slayer: Kimetsu no Yaiba: Sabito and Makomo","2020-11-16"
"Demon Slayer: Kimetsu no Yaiba: Trainer Sakonji Urokodaki","2020-11-16"
"March Comes in Like a Lion: Season 1: Episode 16","2020-11-16"
"Demon Slayer: Kimetsu no Yaiba: Cruelty","2020-11-16"
"River's Edge","2020-11-16"
"My Husband Won't Fit: Season 1: Episode 6","2020-11-16"
"My Husband Won't Fit: Season 1: Episode 1","2020-11-16"
"My Husband Won't Fit: Season 1: Finale","2020-11-16"
"My Husband Won't Fit: Season 1: Episode 9","2020-11-16"
"My Husband Won't Fit: Season 1: Episode 8","2020-11-16"
"My Husband Won't Fit: Season 1: Episode 7","2020-11-16"
"My Husband Won't Fit: Season 1: Episode 5","2020-11-15"
"My Husband Won't Fit: Season 1: Episode 4","2020-11-15"
"My Husband Won't Fit: Season 1: Episode 3","2020-11-15"
"My Husband Won't Fit: Season 1: Episode 2","2020-11-15"
"37 Seconds","2020-11-14"
"Close-Knit","2020-11-12"
"The Queen's Gambit: Limited Series: End Game","2020-11-10"
"The Queen's Gambit: Limited Series: Adjournment","2020-11-10"
"The Queen's Gambit: Limited Series: Fork","2020-11-10"
"The Queen's Gambit: Limited Series: Middle Game","2020-11-10"
"The Queen's Gambit: Limited Series: Doubled Pawns","2020-11-10"
"The Queen's Gambit: Limited Series: Openings","2020-11-10"
"The Queen's Gambit: Limited Series: Exchanges","2020-11-10"
"Rainbow Days","2020-11-09"
"Waiting for Spring","2020-11-09"
"Closest Love to Heaven","2020-11-09"
"Penguin Highway","2020-11-09"
"The Case of Hana & Alice","2020-11-09"
"MOTHER","2020-11-06"
"All The Bright Places","2020-11-05"
"Death Note","2020-10-29"
": ","2020-10-28"
": ","2020-10-28"
": ","2020-10-27"
"Carrie","2020-10-17"
"Confessions","2020-10-17"
"Neko Ninja","2020-10-17"
"Life in the Doghouse","2020-10-17"
"10 Promises to My Dog","2020-10-16"
"Our Little Sister","2020-10-13"
"One Cut of the Dead","2020-10-13"
"Stolen Identity","2020-10-12"
"Demon Covered in Scars","2020-10-12"
"Shino Cannot Say Her Own Name","2020-10-12"
"Patema Inverted","2020-10-12"
"Doukyusei","2020-10-12"
"Scott Pilgrim vs. the World","2020-10-11"
"BEASTARS: Season 1: Caught like Floss in a Canine's Teeth","2020-10-11"
"BEASTARS: Season 1: Below the Fur Coat","2020-10-11"
": ","2020-10-10"
": ","2020-10-10"
": ","2020-10-10"
": ","2020-10-10"
": ","2020-10-10"
": ","2020-10-10"
": ","2020-10-10"
"BEASTARS: Season 1: Blurred Vision – Dream or Reality?","2020-10-10"
"BEASTARS: Season 1: Two Sides to the Story","2020-10-10"
": ","2020-10-10"
": ","2020-10-10"
": ","2020-10-10"
": ","2020-10-10"
": ","2020-10-10"
"Love on the Spectrum: Season 1: Episode 1","2020-10-08"
"The Half Of It","2020-10-08"
"MINDHUNTER: Season 1: Episode 1","2020-10-08"
"BoJack Horseman: Season 1: Zoës and Zeldas","2020-10-08"
"BoJack Horseman: Season 1: Live Fast, Diane Nguyen","2020-10-08"
"Riverdale: Season 1: Chapter Two: Touch of Evil","2020-10-08"
"To All the Boys: P.S. I Still Love You","2020-10-08"
": ","2020-10-08"
"March Comes in Like a Lion: Season 1: Episode 15","2020-10-08"
"March Comes in Like a Lion: Season 1: Episode 2","2020-10-08"
"Terrace House: Boys & Girls in the City: Part 1: New Boys, New Girls, New City","2020-09-21"
"Terrace House: Tokyo 2019-2020: Part 1: Reiwa!!","2020-09-21"
"When They Cry: Season 1: Time Wasting Chapter One - Hinamizawa","2020-09-16"
"When They Cry: Curse Killing: Chapter Five - Apology","2020-09-16"
"One-Punch Man: Season 1: The Strongest Man","2020-09-13"
"One-Punch Man: Season 1: The Lone Cyborg","2020-09-13"
"When They Cry: Curse Killing: Chapter Four - Lost Item","2020-09-11"
"When They Cry: Curse Killing: Chapter Three - Borderline","2020-09-11"
"When They Cry: Curse Killing: Chapter Two - Bond","2020-09-11"
"When They Cry: Curse Killing: Chapter One - Older Brother","2020-09-09"
"March Comes in Like a Lion: Season 1: Episode 1","2020-09-09"
"Aggretsuko: Season 3: When You Count to Ten","2020-09-09"
"Aggretsuko: Season 3: The End of the Moratorium","2020-09-09"
"Aggretsuko: Season 3: Bursting Her Bubble","2020-09-09"
"Aggretsuko: Season 3: An Impenetrable Wall","2020-09-09"
"Aggretsuko: Season 3: Crossroads","2020-09-09"
"Aggretsuko: Season 3: An Urchin in the Desert","2020-09-09"
"Aggretsuko: Season 3: Winds of Change","2020-09-09"
"BEASTARS: Season 1: Give it Your All","2020-09-09"
"BEASTARS: Season 1: A Wolf is Born","2020-09-09"
"BEASTARS: Season 1: The Academy’s Top Dogs","2020-09-09"
"BEASTARS: Season 1: The Moon and the Beast","2020-09-09"
"Aggretsuko: Season 3: A Sheltered Life","2020-09-08"
"Rick and Morty: Season 4: Edge of Tomorty: Rick Die Rickpeat","2020-09-07"
"When They Cry: Cotton Drifting: Chapter Four - Wish","2020-09-06"
"When They Cry: Cotton Drifting: Chapter Three - Lies","2020-09-06"
"When They Cry: Cotton Drifting: Chapter Two - Takano","2020-09-04"
"When They Cry: Cotton Drifting: Chapter One - Jealousy","2020-09-04"
"When They Cry: Spirited Away by the Demon: Chapter Four - Disturbance","2020-09-04"
"When They Cry: Spirited Away by the Demon: Chapter Three - Suspicion","2020-09-04"
"When They Cry: Spirited Away by the Demon: Chapter One - The Beginning","2020-09-04"
"When They Cry: Spirited Away by the Demon: Chapter Two - The Secret","2020-09-04"
"Aggretsuko: Season 3: Deep in the Hole","2020-08-31"
"Joker","2020-08-31"
"Aggretsuko: Season 3: The Blessings of Life","2020-08-28"
"Aggretsuko: Season 1: A Good, Hard-working Girl","2020-08-27"
"Terrace House: Tokyo 2019-2020: Part 1: I Want to Be a Hero","2020-08-18"
"Terrace House: Tokyo 2019-2020: Part 1: Dreamed of Her","2020-08-17"
"Terrace House: Tokyo 2019-2020: Part 1: Tempura Incident","2020-08-02"
"Terrace House: Tokyo 2019-2020: Part 1: We're Back in Tokyo","2020-08-02"
"Gone Girl","2020-07-31"
"Redemption","2020-07-31"
"365 Days","2020-07-18"
"JoJo's Bizarre Adventure: Phantom Blood/Battle Tendency: Dio The Invader","2020-07-15"
"Switched: Season 1: Suicide","2020-07-12"
"Switched: Season 1: Confession","2020-07-12"
"Switched: Season 1: Betrayal","2020-07-12"
"One-Punch Man: Season 1: The Ultimate Mentor","2020-07-08"
"Pokémon The Series: Indigo League: Season 1: Pokémon - I Choose You!","2020-07-08"
"Violet Evergarden: Season 1: Episode 13","2020-07-08"
"Violet Evergarden: Season 1: Episode 12","2020-07-08"
"Violet Evergarden: Season 1: Episode 11","2020-07-08"
"Violet Evergarden: Season 1: Episode 10","2020-07-08"
"Violet Evergarden: Season 1: Episode 9","2020-07-08"
"Violet Evergarden: Season 1: Episode 8","2020-07-08"
"Violet Evergarden: Season 1: Episode 7","2020-07-08"
"Violet Evergarden: Season 1: Episode 6","2020-07-08"
"Megamind","2020-07-07"
"Violet Evergarden: Season 1: Episode 5","2020-07-06"
"Violet Evergarden: Season 1: Episode 4","2020-07-06"
"BNA: Season 1: Runaway Raccoon","2020-07-05"
"BNA: Season 1: Anima-City","2020-07-04"
"BNA: Season 1: A Beastly Feast","2020-07-04"
"BNA: Season 1: Rabid Wolf","2020-07-04"
"BNA: Season 1: Human Scapegoat","2020-07-04"
"BNA: Season 1: The Mole Rat Speaks","2020-07-04"
"BNA: Season 1: Easy Albatross","2020-07-04"
"BNA: Season 1: Fox Waltz","2020-07-03"
"BNA: Season 1: Greedy Bears","2020-07-02"
"BNA: Season 1: Dolphin Daydream","2020-07-02"
"BNA: Season 1: Rhino Melancholy","2020-07-02"
"BNA: Season 1: Rabbit Town","2020-07-02"
"The Dark Crystal: Age of Resistance: Season 1: End. Begin. All the Same.","2020-06-29"
"Rick and Morty: Season 4: Promortyus","2020-06-19"
"Rick and Morty: Season 4: Never Ricking Morty","2020-06-19"
"A Whisker Away","2020-06-19"
"Violet Evergarden: Season 1: Episode 3","2020-06-17"
"Violet Evergarden: Season 1: Episode 2","2020-06-17"
"Violet Evergarden: Season 1: Episode 1","2020-06-17"
"Teasing Master Takagi-san: Season 2: Episode 1","2020-06-17"
"Fullmetal Alchemist: Season 1: Those Who Challenge the Sun","2020-06-09"
"Anohana: The Flower We Saw That Day: Season 1: Episode 1","2020-06-09"
"BEASTARS: Season 1: In the Storm's Wake","2020-06-07"
"BEASTARS: Season 1: To the Neon District","2020-06-07"
"BEASTARS: Season 1: A Wolf in Sheep's Clothing","2020-06-07"
"BEASTARS: Season 1: Into the Lion's Den","2020-06-07"
"The Lovebirds","2020-05-31"
"Erased: Season 1: Treasure","2020-05-17"
"Erased: Season 1: Future","2020-05-17"
"Erased: Season 1: Joy","2020-05-17"
"Erased: Season 1: Closure","2020-05-17"
"Erased: Season 1: Spiral","2020-05-17"
"Erased: Season 1: Out of Control","2020-05-17"
"Erased: Season 1: Grim Reaper","2020-05-17"
"Erased: Season 1: Accomplishment","2020-05-17"
"Erased: Season 1: Getaway","2020-05-17"
"Erased: Season 1: Birthmark","2020-05-16"
"Erased: Season 1: Palm of the Hand","2020-05-16"
"Erased: Season 1: Flashing Before My Eyes","2020-05-16"
"Your lie in April: Season 1: Cloudy Skies","2020-05-04"
"Your lie in April: Season 1: The Journey","2020-05-04"
"Your lie in April: Season 1: Inside Spring","2020-05-04"
"Your lie in April: Season 1: Let It Ring","2020-05-04"
"Black Mirror: Season 5: Smithereens","2020-04-10"
"Tiger King: Murder, Mayhem and Madness: Limited Series: Not Your Average Joe","2020-03-29"
"The Big Short","2020-03-25"
"Black Mirror: Season 5: Striking Vipers","2020-03-24"
"Aggretsuko: Season 1: A Day in the Life of Retsuko","2020-03-20"
"Rick and Morty: Season 2: Auto Erotic Assimilation","2020-03-11"
"I Am Not Okay With This: Season 1: Deepest, Darkest Secret","2020-03-02"
"I Am Not Okay With This: Season 1: Like Father, Like Daughter","2020-03-02"
"I Am Not Okay With This: Season 1: Another Day in Paradise","2020-03-02"
"I Am Not Okay With This: Season 1: Stan by Me","2020-03-02"
"I Am Not Okay With This: Season 1: The Party's Over","2020-03-02"
"I Am Not Okay With This: Season 1: The Master of One F**k","2020-03-02"
"I Am Not Okay With This: Season 1: Dear Diary...","2020-03-02"
"Trailer Park Boys: Season 1: I'm Not Gay, I Love Lucy... Wait a Second, Maybe I Am Gay","2020-02-26"
"Trailer Park Boys: Season 1: Mrs. Peterson's Dog Gets F**ked Up","2020-02-26"
"Trailer Park Boys: Season 1: Mr. Lahey's Got My Porno Tape!","2020-02-26"
"Trailer Park Boys: Season 1: Take Your Little Gun and Get Out of My Trailer Park","2020-02-26"
"One-Punch Man: Season 1: The Modern Ninja","2020-02-19"
"One-Punch Man: Season 1: The Obsessive Scientist","2020-02-19"
"Love, Death & Robots: Volume 1: SHAPE-SHIFTERS","2020-02-19"
"Love, Death & Robots: Volume 1: SUCKER OF SOULS","2020-02-19"
"Love, Death & Robots: Volume 1: THE DUMP","2020-02-19"
"Sex Education: Season 2: Episode 8","2020-02-16"
"Sex Education: Season 2: Episode 7","2020-02-16"
"Sex Education: Season 2: Episode 6","2020-02-16"
"Sex Education: Season 2: Episode 5","2020-02-16"
"Sex Education: Season 2: Episode 4","2020-02-16"
"Sex Education: Season 2: Episode 3","2020-02-16"
"Sex Education: Season 2: Episode 2","2020-02-16"
"Sex Education: Season 2: Episode 1","2020-02-15"
"How I Met Your Mother: Season 1: Nothing Good Happens After 2 A.M.","2020-02-01"
"How I Met Your Mother: Season 1: Life Among the Gorillas","2020-02-01"
"How I Met Your Mother: Season 1: Cupcake","2020-02-01"
"How I Met Your Mother: Season 1: Game Night","2020-02-01"
"How I Met Your Mother: Season 1: Zip, Zip, Zip","2020-02-01"
"How I Met Your Mother: Season 1: Drumroll, Please","2020-02-01"
"How I Met Your Mother: Season 1: The Wedding","2020-02-01"
"How I Met Your Mother: Season 1: The Limo","2020-02-01"
"How I Met Your Mother: Season 1: The Pineapple Incident","2020-02-01"
"How I Met Your Mother: Season 1: Belly Full of Turkey","2020-02-01"
"How I Met Your Mother: Season 1: The Duel","2020-02-01"
"How I Met Your Mother: Season 1: Matchmaker","2020-02-01"
"How I Met Your Mother: Season 1: The Slutty Pumpkin","2020-02-01"
"How I Met Your Mother: Season 1: Okay Awesome","2020-02-01"
"How I Met Your Mother: Season 1: Return of the Shirt","2020-02-01"
"How I Met Your Mother: Season 1: The Sweet Taste of Liberty","2020-02-01"
"How I Met Your Mother: Season 1: Purple Giraffe","2020-02-01"
"How I Met Your Mother: Season 1: Pilot","2020-02-01"
"Lucifer: Season 1: Pilot","2020-02-01"
"Rick and Morty: Season 2: Mortynight Run","2020-02-01"
"Rick and Morty: Season 2: A Rickle in Time","2020-02-01"
"Rick and Morty: Season 1: Ricksy Business","2020-02-01"
"Rick and Morty: Season 1: Close Rick-counters of the Rick Kind","2020-02-01"
"Rick and Morty: Season 1: Something Ricked This Way Comes","2020-02-01"
"Rick and Morty: Season 1: Rixty Minutes","2020-02-01"
"Rick and Morty: Season 1: Raising Gazorpazorp","2020-02-01"
"Rick and Morty: Season 1: Rick Potion #9","2020-02-01"
"Rick and Morty: Season 1: Meeseeks and Destroy","2020-02-01"
"Rick and Morty: Season 1: M. Night Shaym-Aliens!","2020-02-01"
"Rick and Morty: Season 1: Anatomy Park","2020-02-01"
"Rick and Morty: Season 1: Lawnmower Dog","2020-02-01"
"Rick and Morty: Season 1: Pilot","2020-02-01"
"Rick and Morty: Season 4: Claw and Hoarder: Special Ricktim’s Morty","2020-02-01"
"LEGO Jurassic World: The Indominus Escape","2020-02-01"
"Disenchantment: Part 1: Love's Tender Rampage","2020-02-01"
"How I Met Your Mother: Season 3: Little Boys","2020-01-31"
"How I Met Your Mother: Season 3: Third Wheel","2020-01-31"
"How I Met Your Mother: Season 3: We're Not From Here","2020-01-31"
"How I Met Your Mother: Season 3: Wait for It","2020-01-31"
"How I Met Your Mother: Season 2: Something Blue","2020-01-31"
"How I Met Your Mother: Season 2: Something Borrowed","2020-01-31"
"How I Met Your Mother: Season 2: Showdown","2020-01-31"
"How I Met Your Mother: Season 2: Bachelor Party","2020-01-31"
"Rick and Morty: Season 4: One Crew over the Crewcoo’s Morty","2020-01-31"
"Rick and Morty: Season 4: The Old Man and the Seat","2020-01-31"
"Norbit","2020-01-28"
"Sex Education: Season 1: Episode 8","2020-01-23"
"Stranger Things: Stranger Things 3: Chapter Four: The Sauna Test","2020-01-21"
"Rick and Morty: Season 4: Rattlestar Ricklactica","2019-12-31"
"Rick and Morty: Season 2: Get Schwifty","2019-12-31"
"You: Season 1: Maybe","2019-12-28"
"You: Season 1: The Last Nice Guy in New York","2019-12-28"
"You: Season 1: Pilot","2019-12-28"
"Your lie in April: Season 1: Spring Wind","2019-12-27"
"Your lie in April: Season 1: Snow","2019-12-27"
"Your lie in April: Season 1: Hand In Hand","2019-12-27"
"Your lie in April: Season 1: Goodbye, Hero","2019-12-27"
"Your lie in April: Season 1: Hearts Come Together","2019-12-27"
"Your lie in April: Season 1: Twilight","2019-12-27"
"Your lie in April: Season 1: Two Of a Kind","2019-12-27"
"Your lie in April: Season 1: Liar","2019-12-27"
"Your lie in April: Season 1: Footsteps","2019-12-27"
"Your lie in April: Season 1: Resonance","2019-12-27"
"Rick and Morty: Season 2: Total Rickall","2019-12-27"
"The End of the F***ing World: Season 2: Episode 8","2019-12-26"
"The End of the F***ing World: Season 2: Episode 7","2019-12-26"
"The End of the F***ing World: Season 2: Episode 6","2019-12-26"
"The End of the F***ing World: Season 2: Episode 5","2019-12-26"
"The End of the F***ing World: Season 2: Episode 4","2019-12-26"
"The End of the F***ing World: Season 2: Episode 3","2019-12-26"
"The End of the F***ing World: Season 2: Episode 2","2019-12-26"
"The End of the F***ing World: Season 2: Episode 1","2019-12-26"
"The Witcher: Season 1: The End’s Beginning","2019-12-25"
"Little Witch Academia: Season 2: Cavendish","2019-12-22"
"How I Met Your Mother: Season 2: Moving Day","2019-12-10"
"How I Met Your Mother: Season 2: Arrivederci, Fiero","2019-12-10"
"How I Met Your Mother: Season 2: Stuff","2019-12-10"
"How I Met Your Mother: Season 2: Lucky Penny","2019-11-27"
"Your lie in April: Season 1: The Shadow Whispers","2019-11-22"
"Your lie in April: Season 1: On The Way Home","2019-11-22"
"League of Legends Origins","2019-11-11"
"Aggretsuko: Season 2: Wonderful Life","2019-11-11"
"Aggretsuko: Season 2: She's Dreaming","2019-11-11"
"Aggretsuko: Season 2: United Front","2019-11-11"
"Aggretsuko: Season 2: He Lives Above the Clouds","2019-11-10"
"Neon Genesis Evangelion: Season 1: Rei, Beyond the Heart","2019-11-09"
"Black Mirror: Season 4: Black Museum","2019-11-09"
"Aggretsuko: Season 2: Growing Affection","2019-11-09"
"Aggretsuko: Season 2: Unknown Future","2019-11-09"
"Aggretsuko: Season 2: The New Hire Named Anai","2019-11-09"
"Aggretsuko: Season 2: Time to Grow Up","2019-11-09"
"Aggretsuko: Season 2: Unavoidable Impact","2019-11-09"
"Aggretsuko: Season 2: Double Moratorium","2019-11-08"
"Let the Right One In","2019-10-25"
"Angel Beats!: Season 1: Graduation","2019-10-15"
"Angel Beats!: Season 1: Knocking on Heaven's Door","2019-10-15"
"Angel Beats!: Season 1: Change the World","2019-10-15"
"Angel Beats!: Season 1: Goodbye Days","2019-10-14"
"Angel Beats!: Season 1: In Your Memory","2019-10-14"
"Angel Beats!: Season 1: Dancer in the Dark","2019-10-14"
"Angel Beats!: Season 1: Alive","2019-10-14"
"Angel Beats!: Season 1: Family Affair","2019-10-14"
"Neon Genesis Evangelion: Season 1: Rain, After Running Away","2019-10-12"
"Your lie in April: Season 1: Friend A","2019-10-04"
"Your lie in April: Season 1: Monotone/Colorful","2019-10-04"
"The Emoji Movie","2019-09-13"
"Neon Genesis Evangelion: Season 1: The Silent Phone","2019-09-12"
"Neon Genesis Evangelion: Season 1: Unfamiliar Ceilings","2019-09-12"
"Quicksand: Season 1: The Witnesses","2019-09-10"
"Quicksand: Season 1: The Trial","2019-09-09"
"Quicksand: Season 1: The Reconstruction","2019-09-09"
"Quicksand: Season 1: The Funeral","2019-09-09"
"Dark Tourist: Season 1: Back in the USA","2019-09-08"
"Angel Beats!: Season 1: Favorite Flavor","2019-09-08"
"Angel Beats!: Season 1: Day Game","2019-09-08"
"Quicksand: Season 1: Custody","2019-09-08"
"Quicksand: Season 1: Maja","2019-09-08"
"Little Witch Academia: Season 2: Stanship Take Off!","2019-09-08"
"CAROLE & TUESDAY: Part 1: True Colors","2019-09-08"
"Angel Beats!: Season 1: My Song","2019-09-08"
"Angel Beats!: Season 1: Guild","2019-09-07"
"Angel Beats!: Season 1: Departure","2019-09-07"
"Love, Death & Robots: Volume 1: GOOD HUNTING","2019-08-14"
"Love, Death & Robots: Volume 1: SUITS","2019-08-14"
"Love, Death & Robots: Volume 1: THE WITNESS","2019-08-14"
"Stranger Things: Stranger Things 3: Chapter Three: The Case of the Missing Lifeguard","2019-08-11"
"Stranger Things: Stranger Things 3: Chapter Two: The Mall Rats","2019-08-11"
"Stranger Things: Stranger Things 3: Chapter One: Suzie, Do You Copy?","2019-08-10"
"Orange Is the New Black: Season 7: Here's Where We Get Off","2019-08-02"
"Orange Is the New Black: Season 7: The Big House","2019-08-02"
"Orange Is the New Black: Season 7: God Bless America","2019-08-02"
"Orange Is the New Black: Season 7: The Thirteenth","2019-08-02"
"Orange Is the New Black: Season 7: The Hidey Hole","2019-08-02"
"Orange Is the New Black: Season 7: Baker's Dozen","2019-08-02"
"Orange Is the New Black: Season 7: Me as Well","2019-08-02"
"Orange Is the New Black: Season 7: Trapped in an Elevator","2019-08-01"
"Orange Is the New Black: Season 7: Minority Deport","2019-08-01"
"Orange Is the New Black: Season 7: How to Do Life","2019-08-01"
"Orange Is the New Black: Season 7: And Brown Is the New Orange","2019-08-01"
"Orange Is the New Black: Season 7: Just Desserts","2019-08-01"
"Orange Is the New Black: Season 7: Beginning of the End","2019-07-31"
"Orange Is the New Black: Season 1: I Wasn't Ready","2019-07-31"
"The Disastrous Life of Saiki K.: Season 2: Episode 3","2019-07-24"
"The Disastrous Life of Saiki K.: Season 2: Episode 2","2019-07-24"
"Pulp Fiction","2019-07-22"
"Love, Death & Robots: Volume 1: THE SECRET WAR","2019-07-19"
"Love, Death & Robots: Volume 1: WHEN THE YOGURT TOOK OVER","2019-07-14"
"Love, Death & Robots: Volume 1: SONNIE'S EDGE","2019-07-14"
"Love, Death & Robots: Volume 1: ICE AGE","2019-07-14"
"Love, Death & Robots: Volume 1: BEYOND THE AQUILA RIFT","2019-07-14"
"Love, Death & Robots: Volume 1: THREE ROBOTS","2019-07-14"
"Aggretsuko: Season 1: The Out of Pocket Prince","2019-07-12"
"Black Mirror: Season 4: Hang the DJ","2019-07-10"
"Kakegurui: Kakegurui xx: Compulsive Gambling Girls Redux","2019-07-07"
"Stranger Things: Chapter One: The Vanishing Of Will Byers","2019-07-07"
"Black Mirror: Season 4: Crocodile","2019-07-05"
"Black Mirror: Season 3: Playtest","2019-07-04"
"Black Mirror: Season 3: Hated in the Nation","2019-07-04"
"Black Mirror: Season 3: Men Against Fire","2019-07-03"
"Black Mirror: Season 3: San Junipero","2019-07-02"
"Neon Genesis Evangelion: Season 1: Angel Attack","2019-06-27"
"Black Mirror: Season 2: The Waldo Moment","2019-06-24"
"Black Mirror: Bandersnatch","2019-05-08"
"Despicable Me 3","2019-05-08"
"It","2019-05-08"
"How I Met Your Mother: Season 2: Monday Night Football","2019-05-08"
"That '70s Show: Season 1: Pilot","2019-05-08"
"Riverdale: Season 1: Chapter One: The River's Edge","2019-05-08"
"Kingdom: Season 1: Episode 1","2019-05-08"
"RuPaul's Drag Race: Season 1: Drag on a Dime","2019-05-08"
"The Disastrous Life of Saiki K.: Season 2: Episode 1","2019-04-23"
"The Boss Baby: Back in Business: Season 2: As the Diaper Changes","2019-04-15"
"Trailer Park Boys: The Animated Series: Season 1: Long Story Short … A Bear Ripped My C**k Off and Ate It","2019-04-04"
"Bird Box","2019-04-04"
"Back Street Girls -GOKUDOLS-: Season 1: Episode 1","2019-02-28"
"Violet Evergarden: Special: Extra Episode: Episode 1","2019-02-24"
"The Disastrous Life of Saiki K.: Season 1: Episode 3","2019-02-24"
"The Worst Witch: Season 2: Tortoise Trouble","2019-02-24"
"The Disaster Artist","2019-02-24"
"Friends: Season 1: The One Where Monica Gets a Roommate (Pilot)","2019-02-14"
"How I Met Your Mother: Season 2: First Time in New York","2019-02-07"
"How I Met Your Mother: Season 2: How Lily Stole Christmas","2019-02-07"
"How I Met Your Mother: Season 2: Single Stamina","2019-02-07"
"Kakegurui: Season 1: Episode 12","2019-01-31"
"Kakegurui: Season 1: Episode 11","2019-01-31"
"Kakegurui: Season 1: Episode 10","2019-01-31"
"Back Street Girls -GOKUDOLS-: Season 1: Episode 2","2019-01-30"
"Anohana: The Flower We Saw That Day: Season 1: Episode 11","2019-01-28"
"Anohana: The Flower We Saw That Day: Season 1: Episode 10","2019-01-28"
"Anohana: The Flower We Saw That Day: Season 1: Episode 9","2019-01-28"
"Anohana: The Flower We Saw That Day: Season 1: Episode 8","2019-01-28"
"Kakegurui: Season 1: Episode 9","2019-01-27"
"Anohana: The Flower We Saw That Day: Season 1: Episode 7","2019-01-27"
"Anohana: The Flower We Saw That Day: Season 1: Episode 6","2019-01-27"
"Anohana: The Flower We Saw That Day: Season 1: Episode 5","2019-01-27"
"Anohana: The Flower We Saw That Day: Season 1: Episode 4","2019-01-27"
"How I Met Your Mother: Season 2: Slap Bet","2019-01-23"
"How I Met Your Mother: Season 2: Atlantic City","2019-01-23"
"How I Met Your Mother: Season 2: Swarley","2019-01-23"
"Kakegurui: Season 1: Episode 8","2019-01-23"
"Kakegurui: Season 1: Episode 7","2019-01-23"
"Kakegurui: Season 1: Episode 6","2019-01-23"
"Kakegurui: Season 1: Episode 1","2019-01-23"
"How I Met Your Mother: Season 2: Aldrin Justice","2019-01-22"
"How I Met Your Mother: Season 2: World's Greatest Couple","2019-01-22"
"How I Met Your Mother: Season 2: Ted Mosby: Architect","2019-01-22"
"How I Met Your Mother: Season 2: Brunch","2019-01-22"
"How I Met Your Mother: Season 2: The Scorpion and the Toad","2019-01-22"
"How I Met Your Mother: Season 2: Where Were We?","2019-01-22"
"How I Met Your Mother: Season 1: Come On","2019-01-22"
"How I Met Your Mother: Season 1: Milk","2019-01-21"
"How I Met Your Mother: Season 1: Best Prom Ever","2019-01-21"
"How I Met Your Mother: Season 1: Mary the Paralegal","2019-01-21"
"Anohana: The Flower We Saw That Day: Season 1: Episode 3","2019-01-17"
"Anohana: The Flower We Saw That Day: Season 1: Episode 2","2019-01-17"
"Devilman Crybaby: Limited Series: I Need You","2019-01-16"
"Aggretsuko: Season 1: The Duel","2019-01-15"
"Aggretsuko: We Wish You a Metal Christmas","2019-01-15"
"Aggretsuko: Season 1: Stoking Rebellion","2018-12-29"
"Aggretsuko: Season 1: Exposed","2018-12-29"
"Aggretsuko: Season 1: Walking Down the Aisle","2018-12-29"
"Aggretsuko: Season 1: Short-timer","2018-12-29"
"The Disastrous Life of Saiki K.: Season 1: Episode 20","2018-12-09"
"The Disastrous Life of Saiki K.: Season 1: Episode 23","2018-12-09"
"The Disastrous Life of Saiki K.: Season 1: Episode 24","2018-11-02"
"The Disastrous Life of Saiki K.: Season 1: Episode 22","2018-11-02"
"The Disastrous Life of Saiki K.: Season 1: Episode 21","2018-11-02"
"The Disastrous Life of Saiki K.: Season 1: Episode 19","2018-11-01"
"The Disastrous Life of Saiki K.: Season 1: Episode 18","2018-10-26"
"The Disastrous Life of Saiki K.: Season 1: Episode 17","2018-10-26"
"The Disastrous Life of Saiki K.: Season 1: Episode 16","2018-10-26"
"The Disastrous Life of Saiki K.: Season 1: Episode 15","2018-10-25"
"The Disastrous Life of Saiki K.: Season 1: Episode 14","2018-10-25"
"The Disastrous Life of Saiki K.: Season 1: Episode 13","2018-10-25"
"The Disastrous Life of Saiki K.: Season 1: Episode 12","2018-10-25"
"The Disastrous Life of Saiki K.: Season 1: Episode 11","2018-10-25"
"The Disastrous Life of Saiki K.: Season 1: Episode 10","2018-10-24"
"The Disastrous Life of Saiki K.: Season 1: Episode 9","2018-10-24"
"The Disastrous Life of Saiki K.: Season 1: Episode 8","2018-10-24"
"The Disastrous Life of Saiki K.: Season 1: Episode 7","2018-10-24"
"The Disastrous Life of Saiki K.: Season 1: Episode 6","2018-10-24"
"The Disastrous Life of Saiki K.: Season 1: Episode 5","2018-10-24"
"The Disastrous Life of Saiki K.: Season 1: Episode 4","2018-10-24"
"The Disastrous Life of Saiki K.: Season 1: Episode 2","2018-10-23"
"The Disastrous Life of Saiki K.: Season 1: Episode 1","2018-10-23"
"Holidays","2018-10-21"
"Little Witch Academia: Season 2: Amanda O'Neill and the Holy Grail","2018-10-09"
"Dark Tourist: Season 1: Africa","2018-10-08"
"Little Witch Academia: Season 2: Pohjola's Ordeal","2018-10-07"
"Little Witch Academia: Season 2: Chariot of Fire","2018-10-07"
"Little Witch Academia: Season 2: New Age Magic","2018-10-07"
"Little Witch Academia: Season 1: Samhain Magic Festival","2018-10-07"
"Little Witch Academia: Season 1: What You Will","2018-10-07"
"Dark Tourist: Season 1: The Stans","2018-10-04"
"BoJack Horseman: Season 1: Prickly-Muffin","2018-09-15"
"BoJack Horseman: Season 1: BoJack Hates the Troops","2018-09-15"
"BoJack Horseman: Season 1: BoJack Horseman: The BoJack Horseman Story, Chapter One","2018-09-15"
"Dark Tourist: Season 1: South East Asia","2018-09-14"
"Dark Tourist: Season 1: Europe","2018-09-12"
"Paprika","2018-09-09"
"Dark Tourist: Season 1: United States","2018-09-03"
"Dark Tourist: Season 1: Japan","2018-08-21"
"Dark Tourist: Season 1: Latin America","2018-08-21"
"Disenchantment: Part 1: Swamp and Circumstance","2018-08-20"
"Disenchantment: Part 1: Faster, Princess! Kill! Kill!","2018-08-20"
"Disenchantment: Part 1: Castle Party Massacre","2018-08-20"
"Disenchantment: Part 1: The Princess of Darkness","2018-08-20"
"Disenchantment: Part 1: For Whom the Pig Oinks","2018-08-20"
"Red vs. Blue: Volume 11: The Chorus Trilogy","2018-08-16"
"Red vs. Blue: Volume 10: Project Freelancer","2018-08-16"
"Little Witch Academia: Season 1: Blue Moon","2018-08-15"
"Little Witch Academia: Season 1: Bee Affection","2018-08-15"
"Rick and Morty: Season 3: The Rickchurian Mortydate","2018-08-15"
"Rick and Morty: Season 3: The ABC's of Beth","2018-08-15"
"Rick and Morty: Season 3: Morty's Mind Blowers","2018-08-15"
"Rick and Morty: Season 3: The Ricklantis Mixup","2018-08-15"
"Rick and Morty: Season 3: Rest and Ricklaxation","2018-08-15"
"Rick and Morty: Season 3: The Whirly Dirly Conspiracy","2018-08-14"
"Rick and Morty: Season 3: Vindicators 3:  The Return of Worldender","2018-08-14"
"Rick and Morty: Season 3: Pickle Rick","2018-08-14"
"Rick and Morty: Season 3: Rickmancing the Stone","2018-08-14"
"Rick and Morty: Season 2: Look Who's Purging Now","2018-08-14"
"Rick and Morty: Season 2: Interdimensional Cable 2: Tempting Fate","2018-08-14"
"Rick and Morty: Season 2: Big Trouble in Little Sanchez","2018-08-14"
"Rick and Morty: Season 2: The Ricks Must Be Crazy","2018-08-13"
"Rick and Morty: Season 3: The Rickshank Rickdemption","2018-08-11"
"The Rain: Season 1: Stay Inside","2018-08-09"
"Flavors of Youth: International Version","2018-08-09"
"Little Witch Academia: Season 1: Undead Travelogue","2018-08-03"
"Little Witch Academia: Season 1: Akko's Adventure in Sucyworld","2018-08-03"
"Little Witch Academia: Season 1: Orange Submariner","2018-08-03"
"Little Witch Academia: Season 1: The Fountain","2018-08-03"
"Little Witch Academia: Season 1: Pact of the Dragon","2018-08-03"
"Little Witch Academia: Season 1: Night Fall","2018-08-03"
"Rick and Morty: Season 2: The Wedding Squanchers","2018-08-03"
"Little Witch Academia: Season 1: Don't Stop Me Now","2018-07-30"
"Black Mirror: Season 3: Nosedive","2018-07-29"
"Little Witch Academia: Season 1: Papiliodia","2018-07-28"
"Black Mirror: Season 4: Metalhead","2018-06-24"
"Black Mirror: Season 2: White Christmas","2018-06-24"
"Sherlock: Series 1: The Blind Banker","2018-06-13"
"Aggretsuko: Season 1: The Dream Ends","2018-06-02"
"Aggretsuko: Season 1: A Rosy World","2018-06-02"
"How I Met Your Mother: Season 3: The Yips","2018-05-20"
"How I Met Your Mother: Season 3: Slapsgiving","2018-05-20"
"How I Met Your Mother: Season 3: Spoiler Alert","2018-05-20"
"How I Met Your Mother: Season 3: Dowisetrepla","2018-05-20"
"How I Met Your Mother: Season 3: I'm Not That Guy","2018-05-20"
"Kakegurui: Season 1: Episode 1","2018-05-19"
"Little Witch Academia: Season 1: Starting Over","2018-05-14"
